2020-07-27,12310009852238,10000,2020-07-27,202007,42,12,34,0,0,准星,1,112000479,112000000,3.0,1.0,0,Z,Z,0,0,0,,,,,,,,0,0,0,0,,,,,,,,,,,,,,,,,,,,,,,,,,,,,,,,,,,,,,,,,,,,,,,,,,,,,,,,,,,,,,,,,,,,0,0.0,0.0,5.0,5.0,5.0,0.0,0.0,0.0,0.0,0.0,0.0,0.0,2017-02-14,1
2020-07-27,14310017152494,10000,2020-07-27,202007,23,11,42,1,0,未评级,0,114000720,114000000,2.0,1.0,1,Z,Z,0,0,0,,,,6.0,7.0,4.0,3.0,16,8,3,2,16.0,18.0,8.0,1.0,21.0,7.0,0.0,3.0,4494.0,701.0,155.0,201.0,37.0,25.0,8.0,4.0,5.0,1.0,1.0,2.0,9.0,7.0,3.0,0.0,3.0,1.0,1.0,0.0,0.0,0.0,0.0,0.0,,,,,21.0,3.0,2.0,23.0,0.0,0.0,3.0,0.0,0.0,56.7568,8.1081,5.4054,92.0,0.0,0.0,75.0,0.0,0.0,,,,,,1185.0,period4,,,,,,,1,20480.0,30.0,18.0,18.0,18.0,14.8,3.2,1.2,0.0,0.0,123.33,26.67,2018-09-05,0
2020-07-27,14310018247560,10000,2020-07-27,202007,17,11,50,1,0,准星,1,114000648,114000000,2.0,2.0,0,小米科技,M1804C3DE,0,0,0,6.0,2.0,,18.0,4.0,3.0,1.0,14,10,8,5,27.0,10.0,13.0,5.0,4.0,1.0,2.0,1.0,1392.0,687.0,755.0,121.0,31.0,11.0,15.0,6.0,15.0,7.0,6.0,2.0,,1.0,,0.0,0.0,1.0,0.0,0.0,0.0,0.0,0.0,0.0,,,,,22.0,0.0,0.0,7.0,0.0,0.0,6.0,0.0,0.0,70.9677,0.0,0.0,63.6364,0.0,0.0,100.0,0.0,0.0,,,,,,4181.0,period2,,,,,,,1,0.0,0.0,5.0,5.0,5.0,0.0,0.4,0.0,0.0,0.0,0.0,0.0,2019-03-01,1
2020-07-27,14310016407692,10000,2020-07-27,202007,27,11,47,0,0,准星,1,114052920,114000000,2.0,4.0,0,苹果,iPhone 6 Plus A1524,0,0,0,,,,,,,,0,0,0,0,,,,,,,,,,,,,,,,,,,,,,,,,,,,,,,,,,,,,,,,,,,,,,,,,,,,,,,,,,,,,,,,,,,,1,100.0,30.0,18.0,18.0,18.0,0.0,0.0,0.0,0.0,0.0,0.0,0.0,2018-05-22,0
2020-07-27,23070229958320,10000,2020-07-27,202007,162,12,50,0,0,一星,0,123000013,123000000,1.0,2.0,0,步步高,V1818A,0,0,0,,,,1.0,1.0,2.0,0.0,4,2,4,1,3.0,2.0,5.0,2.0,1.0,0.0,0.0,0.0,1037.0,53.0,258.0,68.0,4.0,2.0,5.0,2.0,3.0,2.0,3.0,1.0,1.0,,,0.0,1.0,0.0,0.0,0.0,0.0,0.0,0.0,0.0,,,,,0.0,2.0,0.0,2.0,0.0,0.0,2.0,0.0,0.0,0.0,50.0,0.0,100.0,0.0,0.0,100.0,0.0,0.0,,,,,,1866.0,period3,,,,,,,1,0.0,30.0,8.0,8.0,8.0,2.0,0.0,0.0,0.0,0.0,16.67,0.0,2007-02-26,Z
2020-07-27,27310020458262,10000,2020-07-27,202007,14,11,43,0,0,准星,1,127058545,127000000,3.0,1.0,0,步步高,vivo Y55A,0,0,0,,,,,,,,0,0,0,0,,,,,,,,,,,,,,,,,,,,,,,,,,,,,,,,,,,,,,,,,,,,,,,,,,,,,,,,,,,,,,,,,,,,1,0.0,0.0,5.0,5.0,5.0,0.0,0.0,0.0,0.0,0.0,0.0,0.0,2019-06-10,1
2020-07-27,18310017107755,10000,2020-07-27,202007,21,11,52,0,0,一星,1,118059651,118000000,3.0,2.0,0,Z,Z,0,0,0,,,,3.0,1.0,3.0,1.0,14,17,8,14,16.0,25.0,10.0,18.0,1.0,1.0,2.0,0.0,3698.0,5976.0,1793.0,4013.0,17.0,26.0,12.0,18.0,7.0,9.0,9.0,6.0,,1.0,1.0,0.0,0.0,1.0,1.0,0.0,0.0,0.0,0.0,0.0,,,,,1.0,3.0,1.0,1.0,9.0,2.0,2.0,5.0,1.0,5.8824,17.6471,5.8824,3.8462,34.6154,7.6923,11.1111,27.7778,5.5556,,,,,,34530.0,period1,,,,,,,0,0.0,0.0,5.0,5.0,5.0,0.0,0.4,0.8,0.0,0.0,0.0,0.0,2018-11-08,1
2020-07-27,11310029249462,10000,2020-07-27,202007,37,11,4,0,0,一星,0,111062777,111000000,,2.0,0,世纪星,L908,0,0,0,,,,3.0,3.0,1.0,4.0,10,7,1,6,9.0,2.0,2.0,5.0,5.0,8.0,0.0,2.0,379.0,521.0,30.0,344.0,14.0,10.0,2.0,7.0,8.0,6.0,1.0,6.0,1.0,2.0,,0.0,1.0,2.0,0.0,0.0,0.0,0.0,0.0,0.0,,,,,13.0,0.0,0.0,8.0,0.0,0.0,4.0,0.0,0.0,92.8571,0.0,0.0,80.0,0.0,0.0,57.1429,0.0,0.0,,,,,,114.0,period1,,,,,,,1,100.0,30.0,18.0,18.0,18.0,0.4,0.4,0.0,0.0,0.0,3.33,20.0,2017-07-14,0
2020-07-27,20310033790787,10000,2020-07-27,202007,19,11,52,0,0,准星,1,120069639,120000000,2.0,2.0,0,Z,Z,0,0,0,,,,,,,,0,0,0,0,,,,,,,,,,,,,,,,,,,,,,,,,,,,,,,,,,,,,,,,,,,,,,,,,,,,,,,,,,,,,,,,,,,,1,0.0,0.0,5.0,5.0,5.0,0.0,0.0,0.0,0.0,0.0,0.0,0.0,2019-01-06,1
2020-07-27,14310013168068,10000,2020-07-27,202007,-3898,12,38,1,0,Z,0,114000648,114000000,1.0,,0,,,0,0,0,,,,,,,,0,0,0,0,,,,,,,,,,,,,,,,,,,,,,,,,,,,,,,,,,,,,,,,,,,,,,,,,,,,,,,,,,,,,,,,,,,,0,0.0,0.0,0.0,0.0,0.0,0.0,0.0,0.0,0.0,0.0,0.0,0.0,2345-06-07,1
2020-07-27,18310017453061,10000,2020-07-27,202007,19,11,53,0,0,准星,1,118059289,118000000,2.0,1679.0,0,步步高,vivo X9i,0,0,0,,,,,,,,0,0,0,0,,,,,,,,,,,,,,,,,,,,,,,,,,,,,,,,,,,,,,,,,,,,,,,,,,,,,,,,,,,,,,,,,,,,0,0.0,0.0,5.0,5.0,5.0,0.0,0.0,0.0,0.0,0.0,0.0,0.0,2019-01-11,1
2020-07-27,22310013551041,10000,2020-07-27,202007,24,11,20,0,0,准星,1,122000654,122000000,2.0,1.0,0,华为,LDN-TL00,0,0,0,3.0,2.0,,2.0,0.0,1.0,0.0,2,1,0,2,2.0,1.0,,2.0,0.0,0.0,,0.0,37.0,26.0,,31.0,2.0,1.0,,2.0,2.0,1.0,,2.0,,,,0.0,0.0,0.0,,0.0,0.0,0.0,,0.0,,,,,2.0,0.0,0.0,1.0,0.0,0.0,2.0,0.0,0.0,100.0,0.0,0.0,100.0,0.0,0.0,100.0,0.0,0.0,,,,,,,,,,,,,,0,0.0,0.0,5.0,5.0,5.0,0.0,0.0,0.0,0.0,0.0,0.0,0.0,2018-08-22,1
2020-07-27,11310007591567,10000,2020-07-27,202007,109,12,37,1,0,三星,0,111062601,111000000,1.0,1.0,0,苹果,iPhone 6 Plus A1524,0,0,0,,,,3.0,3.0,3.0,3.0,7,5,3,2,8.0,6.0,4.0,2.0,4.0,3.0,0.0,0.0,7422.0,812.0,952.0,49.0,12.0,9.0,4.0,2.0,9.0,6.0,4.0,2.0,1.0,1.0,2.0,0.0,1.0,1.0,2.0,0.0,0.0,0.0,0.0,0.0,,,,,5.0,5.0,4.0,7.0,1.0,1.0,2.0,0.0,0.0,41.6667,41.6667,33.3333,77.7778,11.1111,11.1111,100.0,0.0,0.0,,,,,,,period3,,,,,,,1,0.0,30.0,58.0,58.0,58.0,0.0,0.4,6.0,0.0,0.0,3.33,0.67,2011-07-03,Z
2020-07-27,11080981070096,10000,2020-07-27,202007,143,12,40,1,0,一星,0,111062601,111000000,1.0,1.0,0,华为,VOG-AL10,1,0,0,1.0,1.0,,12.0,0.0,6.0,0.0,11,9,11,14,16.0,15.0,12.0,16.0,0.0,0.0,2.0,0.0,821.0,600.0,820.0,574.0,16.0,15.0,14.0,16.0,9.0,14.0,11.0,8.0,,,,0.0,0.0,0.0,0.0,0.0,0.0,0.0,0.0,0.0,,,,,12.0,1.0,0.0,10.0,0.0,0.0,13.0,0.0,0.0,75.0,6.25,0.0,66.6667,0.0,0.0,81.25,0.0,0.0,,,,,,252.0,,,,,,,,1,100.0,50.0,28.0,28.0,28.0,0.0,0.0,0.0,0.0,0.0,0.0,0.0,2008-09-02,Z
2020-07-27,11310024598626,10000,2020-07-27,202007,50,12,21,1,0,一星,0,111000600,111000000,1.0,1.0,0,小米科技,MDE6,0,0,0,,,,1.0,0.0,2.0,0.0,3,1,0,0,3.0,2.0,,,0.0,0.0,,,79.0,65.0,,,3.0,2.0,,,3.0,2.0,,,,,,,0.0,0.0,,,0.0,0.0,,,,,,,2.0,0.0,0.0,1.0,0.0,0.0,,,,66.6667,0.0,0.0,50.0,0.0,0.0,,,,,,,,,,,,,,,,,1,100.0,30.0,18.0,18.0,18.0,0.0,0.0,0.0,0.0,0.0,0.0,0.0,2016-06-12,0
2020-07-27,11310036935565,10000,2020-07-27,202007,21,11,66,0,0,准星,1,111065159,111000000,2.0,2.0,0,小米科技,2015112,0,0,0,,,,,,,,0,0,0,0,,,,,,,,,,,,,,,,,,,,,,,,,,,,,,,,,,,,,,,,,,,,,,,,,,,,,,,,,,,,,,,,,,,,1,0.0,0.0,5.0,5.0,5.0,0.0,0.0,0.0,0.0,0.0,0.0,0.0,2018-11-11,1
2020-07-27,22310016102149,10000,2020-07-27,202007,8,12,42,0,0,一星,0,122056178,122000000,3.0,3.0,0,华为,VOG-AL00,0,0,0,,,,1.0,1.0,2.0,0.0,1,3,3,1,1.0,5.0,2.0,1.0,1.0,0.0,1.0,0.0,18.0,123.0,291.0,28.0,2.0,5.0,3.0,1.0,2.0,2.0,3.0,1.0,,,,0.0,0.0,0.0,0.0,0.0,0.0,0.0,0.0,0.0,,,,,2.0,0.0,0.0,5.0,0.0,0.0,1.0,0.0,0.0,100.0,0.0,0.0,100.0,0.0,0.0,100.0,0.0,0.0,,,,,,,,,,,,,,1,6236.0,100.0,18.0,18.0,18.0,0.0,0.0,0.0,0.0,0.0,0.0,0.0,2019-12-28,1
2020-07-27,20310034682951,10000,2020-07-27,202007,17,11,49,0,0,一星,1,120064389,120000000,3.0,1238.0,0,中电,TY301,0,0,0,6.0,4.0,,1.0,0.0,1.0,1.0,1,6,5,0,15.0,23.0,21.0,,0.0,6.0,0.0,,2780.0,6310.0,7492.0,,15.0,29.0,21.0,,1.0,2.0,1.0,,13.0,18.0,7.0,,1.0,1.0,1.0,,0.0,0.0,0.0,,,,,,6.0,2.0,2.0,13.0,5.0,2.0,,,,40.0,13.3333,13.3333,44.8276,17.2414,6.8966,,,,,,,,,,period4,,,,,,,1,500.0,150.0,20.0,20.0,20.0,21.2,17.2,16.0,0.0,0.0,35.33,28.67,2019-03-27,1
2020-07-27,11310029873186,10000,2020-07-27,202007,35,11,32,0,0,一星,1,111064575,111000000,2.0,1.0,0,Z,Z,0,0,0,,,,,,,,0,0,0,0,,,,,,,,,,,,,,,,,,,,,,,,,,,,,,,,,,,,,,,,,,,,,,,,,,,,,,,,,,,,,,,,,,,,1,0.0,0.0,6.0,6.0,6.0,0.0,0.0,0.0,0.0,0.0,0.0,0.0,2017-09-02,1
2020-07-27,11310041338229,10000,2020-07-27,202007,11,12,20,0,0,一星,1,111071738,111000000,1.0,1.0,1,苹果,A2104,0,0,0,,,,,,,,0,0,0,0,,,,,,,,,,,,,,,,,,,,,,,,,,,,,,,,,,,,,,,,,,,,,,,,,,,,,,,,,,,,,,,,,,,,1,30720.0,0.0,8.0,8.0,8.0,0.0,0.0,0.0,100.0,48.0,0.0,0.0,2019-09-11,Z
2020-07-27,20310022235361,10000,2020-07-27,202007,67,11,66,0,0,一星,0,120002484,120000000,2.0,1.0,0,欧珀,OPPO A73,0,0,0,,,,4.0,3.0,2.0,1.0,18,8,19,12,13.0,9.0,31.0,17.0,13.0,1.0,7.0,3.0,6983.0,2024.0,4519.0,3948.0,26.0,10.0,38.0,20.0,12.0,7.0,19.0,15.0,,,,0.0,0.0,0.0,0.0,0.0,0.0,0.0,0.0,0.0,,,,,9.0,8.0,6.0,6.0,1.0,1.0,8.0,3.0,3.0,34.6154,30.7692,23.0769,60.0,10.0,10.0,40.0,15.0,15.0,,,,,,20616.0,,,,,,,,1,10.0,0.0,15.0,15.0,15.0,0.0,0.0,0.0,0.0,0.0,0.0,0.0,2015-01-01,0
2020-07-27,23310038166968,10000,2020-07-27,202007,15,11,73,0,0,准星,1,123058849,123000000,2.0,1.0,0,中兴,V1050,0,0,0,,,,2.0,1.0,,,2,0,6,2,2.0,,11.0,2.0,1.0,,2.0,0.0,54.0,,731.0,99.0,3.0,,13.0,2.0,2.0,,6.0,2.0,1.0,,6.0,0.0,1.0,,3.0,0.0,0.0,,0.0,0.0,,,,,3.0,0.0,0.0,,,,1.0,0.0,0.0,100.0,0.0,0.0,,,,50.0,0.0,0.0,,,,,,,period2,,,,,,,1,0.0,0.0,5.0,5.0,5.0,0.4,0.0,4.4,0.0,0.0,0.0,0.0,2019-05-12,1
2020-07-27,12310014930583,10000,2020-07-27,202007,12,12,28,0,0,二星,0,112057203,112000000,1.0,2.0,0,小米科技,MDE5,0,0,0,,,,,,,,0,0,0,0,,,,,,,,,,,,,,,,,,,,,,,,,,,,,,,,,,,,,,,,,,,,,,,,,,,,,,,,,,,,,,,,,,,,1,0.0,30.0,8.0,8.0,8.0,0.0,0.0,0.0,0.0,0.0,0.0,0.0,2019-08-16,1
2020-07-27,18310009853396,10000,2020-07-27,202007,70,12,44,0,0,准星,0,118000002,118000000,1.0,2.0,0,华为,JSN-AL00,0,0,0,,,,,,1.0,0.0,0,1,0,0,,1.0,,,,0.0,,,,38.0,,,,1.0,,,,0.0,,,,,,,,0.0,,,,0.0,,,,,,,,,,1.0,0.0,0.0,,,,,,,100.0,0.0,0.0,,,,,,,,,,,,,,,,,1,0.0,0.0,0.0,0.0,0.0,0.0,0.0,0.0,0.0,0.0,0.0,0.0,2014-10-04,Z
2020-07-27,17310016617689,10000,2020-07-27,202007,4,12,54,0,0,Z,1,117051179,117000000,2.0,2.0,0,华为,DIG-AL00,0,0,0,,,,1.0,2.0,2.0,2.0,2,4,0,0,1.0,3.0,,,2.0,2.0,,,1692.0,575.0,,,3.0,5.0,,,3.0,5.0,,,2.0,5.0,,,2.0,5.0,,,0.0,0.0,,,,,,,0.0,1.0,1.0,1.0,0.0,0.0,,,,0.0,33.3333,33.3333,20.0,0.0,0.0,,,,,,,,,,period3,,,,,,,1,10240.0,200.0,58.0,58.0,58.0,10.8,4.0,0.0,0.0,6.0,13.5,5.5,2020-04-30,1
2020-07-27,22310009676110,10000,2020-07-27,202007,50,12,42,0,0,一星,0,122056134,122000000,1.0,2.0,0,华为,YAL-AL00,0,0,0,,,,1.0,1.0,2.0,1.0,3,7,14,2,2.0,6.0,20.0,2.0,1.0,2.0,0.0,0.0,1404.0,527.0,699.0,57.0,3.0,8.0,20.0,2.0,2.0,4.0,4.0,2.0,,2.0,7.0,0.0,0.0,2.0,2.0,0.0,0.0,0.0,0.0,0.0,,,,,1.0,1.0,1.0,3.0,0.0,0.0,2.0,0.0,0.0,33.3333,33.3333,33.3333,37.5,0.0,0.0,100.0,0.0,0.0,,,,,,,period4,,,,,,,1,13496.0,100.0,38.0,38.0,38.0,0.0,1.2,4.0,0.0,0.0,0.0,3.0,2016-06-26,1
2020-07-27,15310007419986,10000,2020-07-27,202007,44,11,54,1,0,准星,0,115052263,115000000,2.0,1.0,0,苹果,iPhone 7 A1778,0,0,0,,,,3.0,1.0,5.0,3.0,5,23,19,1,11.0,63.0,39.0,1.0,6.0,9.0,3.0,0.0,4290.0,9496.0,5662.0,10.0,17.0,72.0,42.0,1.0,5.0,8.0,5.0,1.0,9.0,40.0,26.0,0.0,4.0,5.0,4.0,0.0,0.0,0.0,0.0,0.0,,,,,2.0,4.0,1.0,35.0,4.0,3.0,1.0,0.0,0.0,11.7647,23.5294,5.8824,48.6111,5.5556,4.1667,100.0,0.0,0.0,,,,,,,period2,,,,,,,1,0.0,30.0,8.0,8.0,8.0,11.2,43.2,19.6,0.0,0.0,93.33,360.0,2016-12-20,1
2020-07-27,14310017336483,10000,2020-07-27,202007,22,11,46,0,0,准星,1,114053176,114000000,3.0,1.0,0,华为,LIO-AL00,0,0,0,,,,3.0,1.0,3.0,2.0,14,15,4,6,19.0,19.0,2.0,7.0,1.0,2.0,2.0,0.0,349.0,803.0,723.0,141.0,20.0,21.0,4.0,7.0,17.0,14.0,4.0,6.0,3.0,4.0,2.0,0.0,3.0,4.0,2.0,0.0,0.0,0.0,0.0,0.0,,,,,19.0,0.0,0.0,18.0,0.0,0.0,6.0,0.0,0.0,95.0,0.0,0.0,85.7143,0.0,0.0,85.7143,0.0,0.0,,,,,,34197.0,period3,,,,,,,1,0.0,0.0,5.0,5.0,5.0,1.2,1.6,4.8,0.0,0.0,0.0,0.0,2018-10-03,1
2020-07-27,11310011256643,10000,2020-07-27,202007,95,11,28,0,0,三星,0,111010307,111000000,1.0,1.0,0,华为,ELE-AL00,0,0,0,2.0,2.0,2.0,19.0,8.0,27.0,12.0,26,26,23,27,78.0,73.0,66.0,86.0,10.0,16.0,5.0,13.0,5308.0,4842.0,4141.0,5236.0,88.0,89.0,71.0,99.0,31.0,40.0,32.0,59.0,1.0,3.0,1.0,0.0,1.0,2.0,1.0,0.0,0.0,0.0,0.0,0.0,,,,,48.0,2.0,0.0,56.0,2.0,0.0,67.0,1.0,1.0,54.5455,2.2727,0.0,62.9213,2.2472,0.0,67.6768,1.0101,1.0101,,,,,,76067.0,period2,,,,,,,1,6236.0,100.0,18.0,18.0,18.0,0.8,2.8,0.4,0.0,0.0,2.0,7.0,2012-09-09,1
2020-07-27,12310013119628,10000,2020-07-27,202007,23,12,40,1,0,准星,1,112000790,112000000,3.0,,0,,,0,0,0,,,,,,,,0,0,0,0,,,,,,,,,,,,,,,,,,,,,,,,,,,,,,,,,,,,,,,,,,,,,,,,,,,,,,,,,,,,,,,,,,,,0,0.0,0.0,5.0,5.0,5.0,0.0,0.0,0.0,0.0,0.0,0.0,0.0,2018-09-22,1
2020-07-27,21080574638323,10000,2020-07-27,202007,147,11,29,0,0,准星,0,121000011,121000000,3.0,2.0,0,步步高,vivo Y31A,0,0,0,,,,,,,,0,0,9,0,,,13.0,,,,0.0,,,,395.0,,,,13.0,,,,0.0,,,,,,,,0.0,,,,0.0,,,,,,,,,,,,,,,,,,,,,,,,,,,,,,,,,,,,,1,0.0,0.0,8.0,8.0,8.0,0.0,0.0,0.0,0.0,0.0,0.0,0.0,2008-05-13,Z
2020-07-27,23091214278641,10000,2020-07-27,202007,128,11,34,0,0,准星,0,123000070,123000000,3.0,3.0,0,帷幄电子,V-WAL VW818,0,0,0,,,,1.0,0.0,2.0,1.0,1,5,5,2,1.0,3.0,3.0,0.0,0.0,2.0,5.0,2.0,437.0,662.0,1405.0,638.0,1.0,5.0,8.0,2.0,1.0,3.0,5.0,1.0,,2.0,2.0,0.0,0.0,1.0,2.0,0.0,0.0,0.0,0.0,0.0,,,,,0.0,1.0,0.0,2.0,1.0,0.0,0.0,1.0,0.0,0.0,100.0,0.0,40.0,20.0,0.0,0.0,50.0,0.0,,,,,,,period1,,,,,,,1,0.0,0.0,12.0,12.0,12.0,0.0,0.8,5.6,0.0,0.0,0.0,0.0,2009-12-26,1
2020-07-27,27310020849602,10000,2020-07-27,202007,-3898,12,23,1,0,Z,0,127058039,127000000,3.0,3.0,0,华为,PIC-AL00,0,0,0,,,,,,,,0,0,0,0,,,,,,,,,,,,,,,,,,,,,,,,,,,,,,,,,,,,,,,,,,,,,,,,,,,,,,,,,,,,,,,,,,,,0,0.0,0.0,0.0,0.0,0.0,0.0,0.0,0.0,0.0,0.0,0.0,0.0,2345-06-07,1
2020-07-27,15071155990537,10000,2020-07-27,202007,153,11,36,0,0,准星,0,115000376,115000000,1.0,1.0,0,华为,BKL-AL20,0,0,0,,,,1.0,0.0,1.0,0.0,4,1,7,1,4.0,1.0,9.0,1.0,0.0,0.0,0.0,0.0,87.0,25.0,179.0,33.0,4.0,1.0,9.0,1.0,0.0,0.0,0.0,0.0,,,,0.0,0.0,0.0,0.0,0.0,0.0,0.0,0.0,0.0,,,,,4.0,0.0,0.0,1.0,0.0,0.0,1.0,0.0,0.0,100.0,0.0,0.0,100.0,0.0,0.0,100.0,0.0,0.0,,,,,,,,,,,,,,1,20.0,0.0,12.0,12.0,12.0,0.4,0.1,0.9,0.0,0.0,0.0,0.0,2007-11-18,1
2020-07-27,16310008254019,10000,2020-07-27,202007,24,12,40,0,0,二星,0,116010852,116000000,1.0,1.0,1,华为,ART-AL00x,0,0,0,,,,2.0,1.0,1.0,0.0,3,1,7,1,2.0,1.0,7.0,1.0,1.0,0.0,4.0,0.0,141.0,21.0,311.0,60.0,3.0,1.0,11.0,1.0,3.0,1.0,4.0,1.0,1.0,,,0.0,1.0,0.0,0.0,0.0,0.0,0.0,0.0,0.0,,,,,2.0,0.0,0.0,1.0,0.0,0.0,0.0,0.0,0.0,66.6667,0.0,0.0,100.0,0.0,0.0,0.0,0.0,0.0,,,,,,,,,,,,,,1,20480.0,0.0,18.0,18.0,18.0,0.8,0.0,0.0,0.0,0.0,0.0,0.0,2018-08-20,1
2020-07-27,26310007202865,10000,2020-07-27,202007,113,11,4,1,0,Z,0,126000493,126000000,,,0,,,0,0,0,,,,,,,,0,0,0,0,,,,,,,,,,,,,,,,,,,,,,,,,,,,,,,,,,,,,,,,,,,,,,,,,,,,,,,,,,,,,,,,,,,,0,99999999.0,0.0,0.0,0.0,0.0,0.0,0.0,0.0,0.0,0.0,0.0,0.0,2011-03-23,0
2020-07-27,11310040328588,10000,2020-07-27,202007,14,11,34,1,0,准星,1,111071522,111000000,2.0,2.0,0,欧珀,PBBT00,0,0,0,,,,0.0,1.0,,,1,0,0,2,0.0,,,2.0,1.0,,,0.0,53.0,,,72.0,1.0,,,2.0,1.0,,,2.0,1.0,,,0.0,1.0,,,0.0,0.0,,,0.0,,,,,0.0,0.0,0.0,,,,1.0,0.0,0.0,0.0,0.0,0.0,,,,50.0,0.0,0.0,,,,,,,,,,,,,,1,0.0,0.0,5.0,5.0,5.0,0.4,0.0,0.0,0.0,0.0,0.0,0.0,2019-06-01,1
2020-07-27,23310038572635,10000,2020-07-27,202007,12,11,30,0,0,准星,1,123058569,123000000,2.0,1.0,0,华为,MAR-AL00,0,0,0,,,,,,2.0,0.0,0,2,1,0,,2.0,2.0,,,0.0,0.0,,,44.0,99.0,,,2.0,2.0,,,2.0,2.0,,,,1.0,,,0.0,1.0,,,0.0,0.0,,,,,,,,,2.0,0.0,0.0,,,,,,,100.0,0.0,0.0,,,,,,,,,,period3,,,,,,,1,0.0,0.0,5.0,5.0,5.0,0.0,0.0,0.4,0.0,0.0,0.0,0.0,2019-08-16,1
2020-07-27,20310031475657,10000,2020-07-27,202007,28,11,30,1,0,Z,0,120063465,120000000,5.0,3.0,0,HTC,T328w,0,0,0,2.0,1.0,,,,,,0,0,0,0,,,,,,,,,,,,,,,,,,,,,,,,,,,,,,,,,,,,,,,,,,,,,,,,,,,,,,,,,,,,,,,,,,,,0,10240.0,200.0,58.0,58.0,58.0,0.0,0.0,0.0,0.0,0.0,0.0,0.0,2018-04-17,1
2020-07-27,11310036154775,10000,2020-07-27,202007,23,12,41,0,0,准星,1,111012693,111000000,3.0,2.0,0,欧珀,OPPO R11,0,0,0,,,,,,1.0,0.0,0,1,0,0,,1.0,,,,0.0,,,,13.0,,,,1.0,,,,1.0,,,,,,,,0.0,,,,0.0,,,,,,,,,,1.0,0.0,0.0,,,,,,,100.0,0.0,0.0,,,,,,,,,,,,,,,,,0,0.0,0.0,5.0,5.0,5.0,0.0,0.0,0.0,0.0,0.0,0.0,0.0,2018-09-28,1
2020-07-27,15310001384819,10000,2020-07-27,202007,122,11,55,1,0,Z,0,115000039,115000000,1.0,3.0,0,苹果,iPhone 6 A1589,0,0,0,,,,,,2.0,1.0,0,4,0,0,,3.0,,,,1.0,,,,76.0,,,,4.0,,,,4.0,,,,,,,,0.0,,,,0.0,,,,,,,,,,4.0,0.0,0.0,,,,,,,100.0,0.0,0.0,,,,,,,,,,,,,,,,,0,0.0,0.0,0.0,0.0,0.0,0.0,0.0,0.0,0.0,0.0,0.0,0.0,2010-06-21,0
2020-07-27,11310017624741,10000,2020-07-27,202007,72,11,30,0,0,一星,1,111062602,111000000,1.0,1.0,0,小米科技,HMK20ProM1903F11A,0,0,0,,,,21.0,5.0,17.0,6.0,17,17,14,13,21.0,18.0,21.0,11.0,5.0,7.0,1.0,3.0,1681.0,2304.0,1217.0,699.0,26.0,25.0,22.0,14.0,21.0,20.0,16.0,13.0,,4.0,3.0,0.0,0.0,4.0,3.0,0.0,0.0,0.0,0.0,0.0,,,,,14.0,1.0,0.0,12.0,1.0,0.0,8.0,0.0,0.0,53.8462,3.8462,0.0,48.0,4.0,0.0,57.1429,0.0,0.0,,,,,,15729.0,period4,,,,,,,1,6236.0,100.0,18.0,18.0,18.0,0.0,4.0,3.6,0.0,15.0,0.0,10.0,2014-08-17,Z
2020-07-27,23310036607751,10000,2020-07-27,202007,24,11,58,0,0,准星,1,123013061,123000000,4.0,3.0,0,华为,MHA-AL00,0,0,0,,,,,,1.0,0.0,0,1,0,0,,1.0,,,,0.0,,,,14.0,,,,1.0,,,,1.0,,,,,,,,0.0,,,,0.0,,,,,,,,,,1.0,0.0,0.0,,,,,,,100.0,0.0,0.0,,,,,,,,,,,,,,,,,0,0.0,0.0,5.0,5.0,5.0,0.0,0.0,0.0,0.0,0.0,0.0,0.0,2018-08-15,1
2020-07-27,20310030829774,10000,2020-07-27,202007,30,11,53,0,0,一星,1,120016916,120000000,2.0,1.0,0,苹果,iPhone 5S A1530,0,0,0,,,,,,,,0,0,0,0,,,,,,,,,,,,,,,,,,,,,,,,,,,,,,,,,,,,,,,,,,,,,,,,,,,,,,,,,,,,,,,,,,,,1,0.0,0.0,5.0,5.0,5.0,0.0,0.0,0.0,0.0,0.0,0.0,0.0,2018-02-08,1
2020-07-27,26310007744792,10000,2020-07-27,202007,98,12,47,0,0,一星,0,126000072,126000000,1.0,1.0,0,欧珀,PADT00,0,0,0,,,,2.0,0.0,2.0,0.0,3,4,4,2,7.0,4.0,8.0,3.0,0.0,0.0,0.0,0.0,454.0,1028.0,1201.0,93.0,7.0,4.0,8.0,3.0,2.0,1.0,5.0,1.0,4.0,2.0,3.0,0.0,2.0,1.0,3.0,0.0,0.0,0.0,0.0,0.0,,,,,4.0,0.0,0.0,1.0,2.0,0.0,3.0,0.0,0.0,57.1429,0.0,0.0,25.0,50.0,0.0,100.0,0.0,0.0,,,,,,,period3,,,,,,,1,100.0,30.0,18.0,18.0,18.0,2.4,6.4,4.4,0.0,0.0,20.0,53.33,2012-06-05,0
2020-07-27,11310041534582,10000,2020-07-27,202007,10,12,20,0,0,一星,1,111063289,111000000,2.0,1.0,1,步步高,V1911A,0,0,0,,,,,,,,0,0,2,1,,,0.0,0.0,,,2.0,1.0,,,2187.0,608.0,,,2.0,1.0,,,1.0,1.0,,,,0.0,,,0.0,0.0,,,0.0,0.0,,,,,,,,,,,0.0,1.0,1.0,,,,,,,0.0,100.0,100.0,,,,,,,,,,,,,,1,30720.0,0.0,8.0,8.0,8.0,0.0,0.0,0.0,34.0,33.0,0.0,0.0,2019-10-01,1
2020-07-27,16310007870948,10000,2020-07-27,202007,27,11,25,0,0,准星,1,116051459,116000000,3.0,,0,,,0,0,0,,,,,,,,0,0,0,0,,,,,,,,,,,,,,,,,,,,,,,,,,,,,,,,,,,,,,,,,,,,,,,,,,,,,,,,,,,,,,,,,,,,1,0.0,0.0,5.0,5.0,5.0,0.0,0.0,0.0,0.0,0.0,0.0,0.0,2018-05-10,1
2020-07-27,11310032838684,10000,2020-07-27,202007,29,12,46,0,0,准星,1,111064555,111000000,2.0,5.0,0,华为,BAC-AL00,0,0,0,,,,,,,,0,0,0,0,,,,,,,,,,,,,,,,,,,,,,,,,,,,,,,,,,,,,,,,,,,,,,,,,,,,,,,,,,,,,,,,,,,,1,100.0,30.0,18.0,18.0,18.0,0.0,0.0,0.0,0.0,0.0,0.0,0.0,2018-03-06,1
2020-07-27,11310032925533,10000,2020-07-27,202007,29,12,27,0,0,准星,1,111018060,111000000,3.0,6.0,0,华为,CHM-TL00,0,0,0,,,,,,,,0,0,0,0,,,,,,,,,,,,,,,,,,,,,,,,,,,,,,,,,,,,,,,,,,,,,,,,,,,,,,,,,,,,,,,,,,,,0,100.0,30.0,18.0,18.0,18.0,0.0,0.0,0.0,0.0,0.0,0.0,0.0,2018-03-12,1
2020-07-27,11310037193731,10000,2020-07-27,202007,21,12,33,1,0,准星,0,111070498,111000000,2.0,46.0,0,华为,SEA-AL10,0,0,0,,,,,,,,0,0,1,0,,,1.0,,,,0.0,,,,397.0,,,,1.0,,,,1.0,,,,,,,,0.0,,,,0.0,,,,,,,,,,,,,,,,,,,,,,,,,,,,,,,,,,,,,1,0.0,30.0,8.0,8.0,8.0,0.0,0.0,0.0,0.0,0.0,0.0,0.0,2018-11-21,1
2020-07-27,11080368544743,10000,2020-07-27,202007,149,11,30,0,1,五星普通,1,111062602,111000000,3.0,4.0,0,苹果,iPhone 6S A1700,0,0,0,,,,,,,,0,0,0,0,,,,,,,,,,,,,,,,,,,,,,,,,,,,,,,,,,,,,,,,,,,,,,,,,,,,,,,,,,,,,,,,,,,,1,40960.0,1000.0,198.0,198.0,198.0,0.0,0.0,0.0,90.0,100.0,0.0,0.0,2008-03-01,Z
2020-07-27,27310020504325,10000,2020-07-27,202007,14,11,42,0,0,准星,1,127057129,127000000,5.0,4.0,0,华为,DUK-AL20,0,0,0,,,,,,,,0,0,0,0,,,,,,,,,,,,,,,,,,,,,,,,,,,,,,,,,,,,,,,,,,,,,,,,,,,,,,,,,,,,,,,,,,,,1,0.0,0.0,5.0,5.0,5.0,0.0,0.0,0.0,0.0,0.0,0.0,0.0,2019-06-18,1
2020-07-27,11310032748853,10000,2020-07-27,202007,29,11,38,0,0,准星,1,111068291,111000000,3.0,4.0,0,欧珀,OPPO A59s,0,0,0,,,,,,,,0,0,0,0,,,,,,,,,,,,,,,,,,,,,,,,,,,,,,,,,,,,,,,,,,,,,,,,,,,,,,,,,,,,,,,,,,,,1,100.0,30.0,18.0,18.0,18.0,0.0,0.0,0.0,0.0,0.0,0.0,0.0,2018-03-01,1
2020-07-27,27310012749723,10000,2020-07-27,202007,61,12,37,0,0,三星,0,127012505,127000000,4.0,1.0,0,步步高,V1934A,1,0,0,,,,2.0,0.0,,,5,0,3,1,6.0,,3.0,1.0,0.0,,0.0,0.0,191.0,,84.0,41.0,6.0,,3.0,1.0,5.0,,3.0,1.0,2.0,,,0.0,1.0,,0.0,0.0,0.0,,0.0,0.0,,,,,5.0,0.0,0.0,,,,1.0,0.0,0.0,83.3333,0.0,0.0,,,,100.0,0.0,0.0,,,,,,,period4,,,,,,,1,6236.0,100.0,18.0,18.0,18.0,0.8,0.0,0.0,0.0,0.0,2.0,0.0,2015-07-27,1
2020-07-27,12310008118274,10000,2020-07-27,202007,59,11,24,0,0,准星,0,112011126,112000000,1.0,1.0,0,欧珀,OPPO A31c,0,0,0,,,,,,,,0,0,0,0,,,,,,,,,,,,,,,,,,,,,,,,,,,,,,,,,,,,,,,,,,,,,,,,,,,,,,,,,,,,,,,,,,,,1,0.0,30.0,8.0,8.0,8.0,0.0,0.0,0.0,0.0,0.0,0.0,0.0,2015-09-05,1
2020-07-27,16090909172647,10000,2020-07-27,202007,131,12,34,0,0,一星,0,116000449,116000000,2.0,1.0,0,步步高,V1901A,0,0,0,,,,2.0,0.0,3.0,0.0,2,3,1,1,3.0,4.0,1.0,1.0,0.0,0.0,0.0,0.0,152.0,193.0,19.0,17.0,3.0,4.0,1.0,1.0,2.0,3.0,1.0,1.0,,,,0.0,0.0,0.0,0.0,0.0,0.0,0.0,0.0,0.0,,,,,1.0,0.0,0.0,1.0,0.0,0.0,1.0,0.0,0.0,33.3333,0.0,0.0,25.0,0.0,0.0,100.0,0.0,0.0,,,,,,,,,,,,,,1,20.0,0.0,10.0,10.0,10.0,0.0,0.0,0.0,0.0,0.0,0.0,0.0,2009-09-21,1
2020-07-27,12310015135245,10000,2020-07-27,202007,11,11,23,0,1,四星,1,112011934,112000000,3.0,2.0,0,步步高,V1829A,0,0,0,,,,5.0,1.0,5.0,4.0,5,22,18,3,7.0,38.0,72.0,3.0,1.0,17.0,7.0,0.0,244.0,4714.0,6334.0,51.0,8.0,55.0,79.0,3.0,3.0,12.0,20.0,3.0,2.0,31.0,56.0,0.0,1.0,10.0,18.0,0.0,0.0,0.0,0.0,0.0,,,,,6.0,0.0,0.0,35.0,5.0,2.0,3.0,0.0,0.0,75.0,0.0,0.0,63.6364,9.0909,3.6364,100.0,0.0,0.0,,,,,,,period4,,,,,,,1,40960.0,1000.0,198.0,198.0,198.0,1.2,31.2,42.0,100.0,40.0,0.3,7.8,2019-09-16,1
2020-07-27,26310010672528,10000,2020-07-27,202007,27,11,69,1,0,一星,1,126052569,126000000,2.0,3.0,0,华为,HUAWEI RIO-AL00,0,0,0,,,,2.0,1.0,0.0,1.0,4,1,0,1,3.0,0.0,,1.0,2.0,1.0,,0.0,122.0,21.0,,20.0,5.0,1.0,,1.0,4.0,1.0,,1.0,3.0,,,0.0,2.0,0.0,,0.0,0.0,0.0,,0.0,,,,,5.0,0.0,0.0,1.0,0.0,0.0,1.0,0.0,0.0,100.0,0.0,0.0,100.0,0.0,0.0,100.0,0.0,0.0,,,,,,,period2,,,,,,,1,100.0,30.0,18.0,18.0,18.0,1.2,0.0,0.0,0.0,0.0,10.0,0.0,2018-05-25,1
2020-07-27,11310007181473,10000,2020-07-27,202007,112,11,48,0,0,准星,1,111000955,111000000,2.0,1.0,0,步步高,vivo Y55,0,0,0,,,,4.0,5.0,10.0,12.0,10,17,14,10,6.0,15.0,18.0,7.0,6.0,15.0,7.0,4.0,179.0,821.0,886.0,126.0,12.0,30.0,25.0,11.0,3.0,5.0,5.0,3.0,1.0,1.0,4.0,0.0,1.0,1.0,3.0,0.0,0.0,0.0,0.0,0.0,,,,,12.0,0.0,0.0,27.0,0.0,0.0,11.0,0.0,0.0,100.0,0.0,0.0,90.0,0.0,0.0,100.0,0.0,0.0,,,,,,12995.0,period2,,,,,,,1,0.0,30.0,8.0,8.0,8.0,0.4,0.4,2.4,0.0,0.0,3.33,3.33,2011-04-14,1
2020-07-27,20310032654139,10000,2020-07-27,202007,23,11,47,0,0,三星,1,120069359,120000000,5.0,1.0,0,华为,SEA-AL00,0,0,0,6.0,4.0,,13.0,1.0,6.0,7.0,10,11,10,4,20.0,8.0,11.0,7.0,2.0,11.0,4.0,1.0,1117.0,2128.0,576.0,294.0,22.0,19.0,15.0,8.0,9.0,7.0,8.0,3.0,12.0,11.0,13.0,0.0,7.0,5.0,7.0,0.0,0.0,0.0,0.0,0.0,,,,,15.0,0.0,0.0,11.0,2.0,1.0,6.0,0.0,0.0,68.1818,0.0,0.0,57.8947,10.5263,5.2632,75.0,0.0,0.0,,,,,,14815.0,period1,,,,,,,1,20480.0,300.0,108.0,108.0,108.0,7.2,12.8,5.6,8.0,17.0,6.67,10.67,2018-09-02,1
2020-07-27,24310007550145,10000,2020-07-27,202007,44,12,31,1,0,一星,0,124054390,124000000,4.0,3646504.0,1,美菱,ML518,0,0,0,,,,,,,,0,0,0,0,,,,,,,,,,,,,,,,,,,,,,,,,,,,,,,,,,,,,,,,,,,,,,,,,,,,,,,,,,,,,,,,,,,,1,20480.0,30.0,18.0,18.0,18.0,0.0,0.0,0.0,0.0,0.0,0.0,0.0,2016-12-21,1
2020-07-27,11310005422134,10000,2020-07-27,202007,119,12,66,1,0,准星,0,111000378,111000000,1.0,1.0,0,苹果,A2108,0,0,0,,,,3.0,1.0,3.0,2.0,6,8,1,11,9.0,9.0,1.0,18.0,1.0,2.0,0.0,0.0,2146.0,764.0,1089.0,3290.0,10.0,11.0,1.0,18.0,9.0,8.0,1.0,15.0,,,,0.0,0.0,0.0,0.0,0.0,0.0,0.0,0.0,0.0,,,,,5.0,2.0,2.0,3.0,0.0,0.0,4.0,3.0,2.0,50.0,20.0,20.0,27.2727,0.0,0.0,22.2222,16.6667,11.1111,,,,,,23354.0,,,,,,,,1,0.0,0.0,0.0,0.0,0.0,0.0,0.0,0.0,0.0,0.0,0.0,0.0,2010-09-16,0
2020-07-27,13310013644786,10000,2020-07-27,202007,9,11,79,0,0,准星,0,113054811,113000000,1.0,4.0,0,Z,Z,0,0,0,,,1.0,11.0,4.0,6.0,4.0,25,22,20,22,37.0,28.0,25.0,27.0,22.0,11.0,18.0,15.0,9477.0,5010.0,6413.0,7046.0,59.0,39.0,43.0,42.0,8.0,9.0,6.0,8.0,2.0,,,0.0,1.0,0.0,0.0,0.0,0.0,0.0,0.0,0.0,,,,,14.0,6.0,4.0,10.0,4.0,2.0,11.0,8.0,3.0,23.7288,10.1695,6.7797,25.641,10.2564,5.1282,26.1905,19.0476,7.1429,,,,,,55028.0,period3,,,,,,,1,0.0,30.0,8.0,8.0,8.0,0.8,0.0,0.0,0.0,0.0,6.67,0.0,2019-11-05,1
2020-07-27,20310018353843,10000,2020-07-27,202007,86,11,36,0,0,一星,1,120001298,120000000,2.0,1.0,0,Z,Z,0,0,0,,,,1.0,1.0,2.0,0.0,4,7,6,7,3.0,7.0,6.0,5.0,1.0,0.0,1.0,2.0,146.0,128.0,202.0,205.0,4.0,7.0,7.0,7.0,4.0,7.0,7.0,7.0,,,2.0,0.0,0.0,0.0,2.0,0.0,0.0,0.0,0.0,0.0,,,,,3.0,0.0,0.0,7.0,0.0,0.0,6.0,0.0,0.0,75.0,0.0,0.0,100.0,0.0,0.0,85.7143,0.0,0.0,,,,,,,period4,,,,,,,1,10.0,0.0,15.0,15.0,15.0,0.0,0.0,0.8,100.0,100.0,0.0,0.0,2013-06-12,1
2020-07-27,11310012707251,10000,2020-07-27,202007,90,11,66,0,0,一星,0,111001215,111000000,1.0,2.0,0,华为,HUAWEI TAG-TL00,0,0,0,,,,,,,,0,0,1,0,,,1.0,,,,0.0,,,,147.0,,,,1.0,,,,1.0,,,,,,,,0.0,,,,0.0,,,,,,,,,,,,,,,,,,,,,,,,,,,,,,,,,,,,,1,100.0,30.0,18.0,18.0,18.0,0.0,0.0,0.0,0.0,0.0,0.0,0.0,2013-02-22,1
2020-07-27,26310011134908,10000,2020-07-27,202007,23,12,48,0,0,准星,1,126000063,126000000,2.0,,0,,,0,0,0,,,,,,,,0,0,0,0,,,,,,,,,,,,,,,,,,,,,,,,,,,,,,,,,,,,,,,,,,,,,,,,,,,,,,,,,,,,,,,,,,,,0,0.0,0.0,10.0,10.0,10.0,0.0,0.0,0.0,0.0,0.0,0.0,0.0,2018-09-04,0
2020-07-27,20310024520460,10000,2020-07-27,202007,54,12,32,0,0,一星,0,120002296,120000000,1.0,1.0,1,华为,LYA-AL00,0,0,0,,,,7.0,1.0,10.0,0.0,6,11,6,19,9.0,12.0,5.0,20.0,1.0,0.0,3.0,3.0,725.0,676.0,419.0,722.0,10.0,12.0,8.0,23.0,6.0,11.0,7.0,7.0,,,,0.0,0.0,0.0,0.0,0.0,0.0,0.0,0.0,0.0,,,,,4.0,0.0,0.0,7.0,0.0,0.0,21.0,0.0,0.0,40.0,0.0,0.0,58.3333,0.0,0.0,91.3043,0.0,0.0,,,,,,36619.0,,,,,,,,1,20480.0,30.0,18.0,18.0,18.0,0.0,0.0,0.0,0.0,0.0,0.0,0.0,2016-02-15,0
2020-07-27,11310027168539,10000,2020-07-27,202007,43,11,43,0,0,准星,1,111063417,111000000,2.0,5.0,0,三星,SM-G7105,0,0,0,,,,,,,,0,0,0,0,,,,,,,,,,,,,,,,,,,,,,,,,,,,,,,,,,,,,,,,,,,,,,,,,,,,,,,,,,,,,,,,,,,,1,0.0,0.0,5.0,5.0,5.0,0.0,0.0,0.0,0.0,0.0,0.0,0.0,2017-01-12,1
2020-07-27,18310015967532,10000,2020-07-27,202007,27,11,47,1,0,准星,1,118059517,118000000,2.0,6.0,0,华为,EVA-TL00,0,0,0,,,,,,3.0,0.0,0,5,1,0,,6.0,4.0,,,0.0,0.0,,,197.0,642.0,,,6.0,4.0,,,2.0,2.0,,,5.0,3.0,,,1.0,2.0,,,0.0,0.0,,,,,,,,,5.0,0.0,0.0,,,,,,,83.3333,0.0,0.0,,,,,,,,,,period2,,,,,,,1,0.0,0.0,5.0,5.0,5.0,0.0,1.85,3.2,0.0,0.0,0.0,0.0,2018-05-31,1
2020-07-27,20310033178010,10000,2020-07-27,202007,21,11,42,0,0,准星,1,120003654,120000000,2.0,1.0,0,欧珀,PCAM00,0,0,0,,,,,,1.0,0.0,0,1,1,2,,3.0,1.0,2.0,,0.0,0.0,0.0,,89.0,30.0,71.0,,3.0,1.0,2.0,,1.0,1.0,2.0,,1.0,,0.0,,1.0,0.0,0.0,,0.0,0.0,0.0,,,,,,,,3.0,0.0,0.0,2.0,0.0,0.0,,,,100.0,0.0,0.0,100.0,0.0,0.0,,,,,,,period1,,,,,,,1,0.0,0.0,5.0,5.0,5.0,0.0,0.4,0.0,0.0,0.0,0.0,0.0,2018-11-01,1
2020-07-27,20310031353178,10000,2020-07-27,202007,28,12,34,0,0,准星,1,120016724,120000000,3.0,4.0,0,欧珀,OPPO A77t,0,0,0,,,,,,,,0,0,0,0,,,,,,,,,,,,,,,,,,,,,,,,,,,,,,,,,,,,,,,,,,,,,,,,,,,,,,,,,,,,,,,,,,,,1,100.0,30.0,18.0,18.0,18.0,0.0,0.0,0.0,0.0,0.0,0.0,0.0,2018-04-02,1
2020-07-27,27310019327378,10000,2020-07-27,202007,20,11,36,1,0,三星,1,127055489,127000000,2.0,2.0,0,苹果,Iphone 5,0,0,0,,,,,,,,0,0,0,1,,,,2.0,,,,0.0,,,,48.0,,,,2.0,,,,1.0,,,,0.0,,,,0.0,,,,0.0,,,,,,,,,,,2.0,0.0,0.0,,,,,,,100.0,0.0,0.0,,,,,,311.0,,,,,,,,1,10240.0,200.0,58.0,108.0,108.0,0.0,0.0,0.0,0.0,0.0,0.0,0.0,2018-12-02,1
2020-07-27,11310041768497,10000,2020-07-27,202007,9,12,18,0,0,一星,0,111069395,111000000,1.0,2.0,1,步步高,V1838A,0,0,0,,,,4.0,1.0,2.0,0.0,3,3,3,5,4.0,3.0,3.0,4.0,1.0,0.0,0.0,1.0,214.0,58.0,58.0,548.0,5.0,3.0,3.0,5.0,3.0,3.0,3.0,5.0,3.0,,,0.0,2.0,0.0,0.0,0.0,0.0,0.0,0.0,0.0,,,,,2.0,0.0,0.0,3.0,0.0,0.0,2.0,0.0,0.0,40.0,0.0,0.0,100.0,0.0,0.0,40.0,0.0,0.0,,,,,,,period4,,,,,,,1,30720.0,0.0,8.0,8.0,8.0,1.6,0.0,0.0,0.0,34.0,0.0,0.0,2019-11-01,1
2020-07-27,11310029649527,10000,2020-07-27,202007,36,11,38,0,0,准星,1,111068465,111000000,2.0,,0,苹果,iPhone 6 A1586,0,0,0,,,,,,,,0,0,0,0,,,,,,,,,,,,,,,,,,,,,,,,,,,,,,,,,,,,,,,,,,,,,,,,,,,,,,,,,,,,,,,,,,,,0,0.0,0.0,5.0,5.0,5.0,0.0,0.0,0.0,0.0,0.0,0.0,0.0,2017-08-18,1
2020-07-27,20310020017967,10000,2020-07-27,202007,74,11,74,1,0,准星,0,120000002,120000000,1.0,1.0,0,金德力,GL998,0,0,0,,,,4.0,2.0,6.0,1.0,11,13,9,8,15.0,19.0,12.0,11.0,4.0,2.0,1.0,1.0,6987.0,7802.0,7651.0,4367.0,19.0,21.0,13.0,12.0,6.0,8.0,6.0,3.0,,,,0.0,0.0,0.0,0.0,0.0,0.0,0.0,0.0,0.0,,,,,3.0,8.0,6.0,3.0,7.0,5.0,0.0,5.0,2.0,15.7895,42.1053,31.5789,14.2857,33.3333,23.8095,0.0,41.6667,16.6667,,,,,,34050.0,,,,,,,,1,0.0,0.0,6.0,6.0,6.0,0.0,0.0,0.0,0.0,0.0,0.0,0.0,2014-06-11,Z
2020-07-27,15310007965308,10000,2020-07-27,202007,37,11,28,0,0,二星,0,115052861,115000000,4.0,2.0,0,华为,YAL-AL10,0,0,0,,,,15.0,0.0,21.0,2.0,15,14,13,8,21.0,36.0,18.0,10.0,0.0,2.0,1.0,1.0,671.0,2610.0,944.0,1112.0,21.0,38.0,19.0,11.0,14.0,20.0,11.0,7.0,4.0,16.0,7.0,0.0,3.0,10.0,7.0,0.0,0.0,0.0,0.0,0.0,,,,,15.0,0.0,0.0,25.0,1.0,0.0,8.0,1.0,1.0,71.4286,0.0,0.0,65.7895,2.6316,0.0,72.7273,9.0909,9.0909,,,,,,7698.0,period2,,,,,,,1,0.0,30.0,8.0,8.0,8.0,2.0,8.8,2.8,0.0,0.0,16.67,73.33,2017-07-12,1
2020-07-27,13310009202643,10000,2020-07-27,202007,40,12,20,0,0,准星,1,113053929,113000000,2.0,1.0,0,欧珀,OPPO A59s,1,0,0,,,,7.0,4.0,7.0,2.0,21,15,18,14,52.0,27.0,26.0,20.0,9.0,5.0,5.0,2.0,2463.0,1527.0,966.0,692.0,61.0,32.0,31.0,22.0,9.0,8.0,15.0,6.0,19.0,16.0,7.0,0.0,3.0,7.0,5.0,0.0,0.0,0.0,0.0,0.0,,,,,38.0,0.0,0.0,18.0,0.0,0.0,16.0,0.0,0.0,62.2951,0.0,0.0,56.25,0.0,0.0,72.7273,0.0,0.0,,,,,,41701.0,period3,,,,,,,0,0.0,0.0,5.0,5.0,5.0,8.0,10.0,3.6,0.0,0.0,0.0,0.0,2017-04-01,1
2020-07-27,11310038560998,10000,2020-07-27,202007,19,11,37,0,0,准星,1,111001044,111000000,5.0,3.0,0,华为,STF-TL10,0,0,0,,,,,,,,0,0,0,0,,,,,,,,,,,,,,,,,,,,,,,,,,,,,,,,,,,,,,,,,,,,,,,,,,,,,,,,,,,,,,,,,,,,0,0.0,0.0,5.0,5.0,5.0,0.0,0.0,0.0,0.0,0.0,0.0,0.0,2019-01-16,1
2020-07-27,15310009447301,10000,2020-07-27,202007,26,11,34,1,0,准星,1,115000373,115000000,2.0,2.0,0,欧珀,OPPO A59st,0,0,0,,,,1.0,0.0,2.0,0.0,1,2,1,0,1.0,2.0,1.0,,0.0,0.0,0.0,,37.0,26.0,11.0,,1.0,2.0,1.0,,1.0,2.0,1.0,,1.0,,,,1.0,0.0,0.0,,0.0,0.0,0.0,,,,,,1.0,0.0,0.0,2.0,0.0,0.0,,,,100.0,0.0,0.0,100.0,0.0,0.0,,,,,,,,,,period1,,,,,,,1,0.0,0.0,5.0,5.0,5.0,0.4,0.0,0.0,0.0,0.0,0.0,0.0,2018-06-11,1
2020-07-27,16310010000118,10000,2020-07-27,202007,10,11,25,1,0,准星,0,116000000,116000000,2.0,1.0,1,华为,SEA-AL10,0,0,0,,,,,,,,0,0,0,0,,,,,,,,,,,,,,,,,,,,,,,,,,,,,,,,,,,,,,,,,,,,,,,,,,,,,,,,,,,,,,,,,,,,1,102400.0,0.0,19.0,19.0,19.0,0.0,0.0,0.0,3.0,0.0,0.0,0.0,2019-10-24,Z
2020-07-27,11310038708828,10000,2020-07-27,202007,19,12,51,0,0,准星,1,111013685,111000000,2.0,1.0,0,北京奇虎科技有限公司,W601,0,0,0,,,,2.0,1.0,3.0,1.0,11,9,4,1,13.0,9.0,10.0,0.0,1.0,1.0,1.0,1.0,379.0,364.0,342.0,17.0,14.0,10.0,11.0,1.0,2.0,3.0,4.0,1.0,3.0,3.0,5.0,0.0,2.0,2.0,2.0,0.0,0.0,0.0,0.0,0.0,,,,,12.0,0.0,0.0,8.0,0.0,0.0,1.0,0.0,0.0,85.7143,0.0,0.0,80.0,0.0,0.0,100.0,0.0,0.0,,,,,,,period2,,,,,,,1,0.0,0.0,5.0,5.0,5.0,1.6,2.0,2.0,0.0,0.0,0.0,0.0,2019-01-24,1
2020-07-27,18310018975191,10000,2020-07-27,202007,9,11,57,0,0,二星,0,118018024,118000000,2.0,2.0,0,苹果,iPhone 6S PLUS A1699,0,0,0,,,,1.0,0.0,1.0,0.0,1,1,0,0,1.0,1.0,,,0.0,0.0,,,29.0,12.0,,,1.0,1.0,,,1.0,1.0,,,1.0,1.0,,,1.0,1.0,,,0.0,0.0,,,,,,,1.0,0.0,0.0,1.0,0.0,0.0,,,,100.0,0.0,0.0,100.0,0.0,0.0,,,,,,,,,,period1,,,,,,,1,14520.0,200.0,58.0,58.0,58.0,0.4,0.4,0.0,0.0,0.0,0.5,0.5,2019-11-25,1
2020-07-27,12310012417695,10000,2020-07-27,202007,26,11,49,0,0,准星,1,112001598,112000000,5.0,4.0,0,欧珀,OPPO A83,0,0,0,,,,,,,,0,0,0,0,,,,,,,,,,,,,,,,,,,,,,,,,,,,,,,,,,,,,,,,,,,,,,,,,,,,,,,,,,,,,,,,,,,,0,0.0,0.0,5.0,5.0,5.0,0.0,0.0,0.0,0.0,0.0,0.0,0.0,2018-06-25,1
2020-07-27,11310033554345,10000,2020-07-27,202007,28,12,37,0,0,准星,1,111068105,111000000,4.0,5.0,0,华为,FRD-AL10,0,0,0,,,,,,,,0,0,0,0,,,,,,,,,,,,,,,,,,,,,,,,,,,,,,,,,,,,,,,,,,,,,,,,,,,,,,,,,,,,,,,,,,,,1,100.0,30.0,18.0,18.0,18.0,0.0,0.0,0.0,0.0,0.0,0.0,0.0,2018-04-08,1
2020-07-27,13310012825664,10000,2020-07-27,202007,16,12,54,0,0,准星,1,113053777,113000000,3.0,994.0,0,华为,HUAWEI ALE-UL00,0,0,0,,,,,,,,0,0,0,0,,,,,,,,,,,,,,,,,,,,,,,,,,,,,,,,,,,,,,,,,,,,,,,,,,,,,,,,,,,,,,,,,,,,1,0.0,0.0,5.0,5.0,5.0,0.0,0.0,0.0,0.0,0.0,0.0,0.0,2019-04-14,1
2020-07-27,15310011426127,10000,2020-07-27,202007,11,11,20,0,0,一星,0,115000035,115000000,2.0,,1,,,1,0,0,,,,,,,,0,0,0,0,,,,,,,,,,,,,,,,,,,,,,,,,,,,,,,,,,,,,,,,,,,,,,,,,,,,,,,,,,,,,,,,,,,,0,0.0,0.0,18.0,18.0,18.0,0.0,0.0,0.0,0.0,0.0,0.0,0.0,2019-09-07,1
2020-07-27,13310013671110,10000,2020-07-27,202007,9,11,43,1,0,准星,0,113053757,113000000,2.0,3.0,0,心迪宝,399,0,0,0,,,,2.0,0.0,1.0,1.0,1,1,0,0,2.0,1.0,,,0.0,2.0,,,63.0,145.0,,,2.0,3.0,,,2.0,1.0,,,1.0,2.0,,,1.0,1.0,,,0.0,0.0,,,,,,,1.0,0.0,0.0,1.0,0.0,0.0,,,,50.0,0.0,0.0,33.3333,0.0,0.0,,,,,,,,,,period3,,,,,,,1,100.0,0.0,8.0,8.0,8.0,0.4,0.8,0.0,0.0,0.0,0.0,0.0,2019-11-16,0
2020-07-27,23310030946588,10000,2020-07-27,202007,70,11,54,0,0,准星,0,123013397,123000000,1.0,1.0,0,Z,Z,0,0,0,2.0,2.0,,3.0,3.0,3.0,1.0,9,7,10,6,10.0,7.0,11.0,7.0,9.0,2.0,4.0,5.0,2028.0,1796.0,2213.0,940.0,19.0,9.0,15.0,12.0,8.0,6.0,6.0,4.0,,,,0.0,0.0,0.0,0.0,0.0,0.0,0.0,0.0,0.0,,,,,7.0,2.0,0.0,3.0,2.0,1.0,5.0,0.0,0.0,36.8421,10.5263,0.0,33.3333,22.2222,11.1111,41.6667,0.0,0.0,,,,,,2144.0,,,,,,,,1,0.0,30.0,8.0,8.0,8.0,0.0,0.0,0.0,0.0,0.0,0.0,0.0,2014-10-02,1
2020-07-27,23310032432021,10000,2020-07-27,202007,-3898,12,56,1,0,Z,0,123000286,123000000,2.0,,0,,,0,0,0,,,,,,,,0,0,0,0,,,,,,,,,,,,,,,,,,,,,,,,,,,,,,,,,,,,,,,,,,,,,,,,,,,,,,,,,,,,,,,,,,,,0,0.0,0.0,0.0,0.0,0.0,0.0,0.0,0.0,0.0,0.0,0.0,0.0,2345-06-07,1
2020-07-27,18080369748873,10000,2020-07-27,202007,149,11,53,0,0,二星,1,118002057,118000000,1.0,1.0,0,万普,ONEPLUS A6000,0,0,0,,,,5.0,0.0,6.0,0.0,5,6,20,6,5.0,7.0,40.0,7.0,0.0,0.0,4.0,1.0,210.0,462.0,2024.0,271.0,5.0,7.0,44.0,8.0,2.0,3.0,19.0,2.0,1.0,2.0,13.0,0.0,1.0,2.0,2.0,0.0,0.0,0.0,0.0,0.0,,,,,4.0,0.0,0.0,3.0,0.0,0.0,6.0,0.0,0.0,80.0,0.0,0.0,42.8571,0.0,0.0,75.0,0.0,0.0,,,,,,,period1,,,,,,,1,500.0,100.0,58.0,58.0,58.0,0.8,1.2,7.2,0.0,0.0,2.0,3.0,2008-03-10,0
2020-07-27,17999646504597,10000,2020-07-27,202007,-3898,11,41,1,0,Z,0,117999997,117000000,4.0,,0,,,0,0,0,,,,,,,,0,0,0,0,,,,,,,,,,,,,,,,,,,,,,,,,,,,,,,,,,,,,,,,,,,,,,,,,,,,,,,,,,,,,,,,,,,,0,0.0,0.0,0.0,0.0,0.0,0.0,0.0,0.0,0.0,0.0,0.0,0.0,2345-06-07,Z
2020-07-27,21310023868977,10000,2020-07-27,202007,23,12,39,0,0,准星,1,121056773,121000000,2.0,1.0,0,华为,HMA-AL00,0,0,0,,,,,,,,0,0,0,0,,,,,,,,,,,,,,,,,,,,,,,,,,,,,,,,,,,,,,,,,,,,,,,,,,,,,,,,,,,,,,,,,,,,0,0.0,0.0,5.0,5.0,5.0,0.0,0.0,0.0,0.0,0.0,0.0,0.0,2018-09-28,1
2020-07-27,16310008164249,10000,2020-07-27,202007,25,12,26,1,0,准星,0,116052105,116000000,2.0,1.0,1,欧珀,PCAM10,0,0,0,,,,3.0,0.0,1.0,0.0,4,2,7,3,5.0,2.0,5.0,4.0,0.0,0.0,5.0,0.0,417.0,39.0,790.0,100.0,5.0,2.0,10.0,4.0,3.0,2.0,6.0,3.0,2.0,,4.0,0.0,1.0,0.0,3.0,0.0,0.0,0.0,0.0,0.0,,,,,2.0,0.0,0.0,2.0,0.0,0.0,4.0,0.0,0.0,40.0,0.0,0.0,100.0,0.0,0.0,100.0,0.0,0.0,,,,,,199.0,period4,,,,,,,1,102400.0,0.0,19.0,19.0,8.0,0.0,0.0,1.2,0.0,16.0,0.0,0.0,2018-07-24,1
2020-07-27,20310036281722,10000,2020-07-27,202007,11,12,53,0,0,一星,0,120004341,120000000,4.0,3.0,0,步步高,V1818CA,0,0,0,,,,2.0,0.0,2.0,0.0,5,5,6,11,5.0,7.0,8.0,13.0,0.0,0.0,0.0,0.0,821.0,2399.0,1156.0,2457.0,5.0,7.0,8.0,13.0,5.0,5.0,8.0,13.0,,,1.0,0.0,0.0,0.0,1.0,0.0,0.0,0.0,0.0,0.0,,,,,2.0,1.0,1.0,2.0,3.0,3.0,2.0,2.0,2.0,40.0,20.0,20.0,28.5714,42.8571,42.8571,15.3846,15.3846,15.3846,,,,,,24246.0,period3,,,,,,,1,6236.0,100.0,18.0,18.0,18.0,0.0,0.0,1.2,0.0,0.0,0.0,0.0,2019-09-22,1
2020-07-27,11900558969020,10000,2020-07-27,202007,171,11,65,0,0,Z,0,115999999,115000000,1.0,,0,,,0,0,0,,,,,,,,0,0,0,0,,,,,,,,,,,,,,,,,,,,,,,,,,,,,,,,,,,,,,,,,,,,,,,,,,,,,,,,,,,,,,,,,,,,1,0.0,0.0,0.0,0.0,0.0,0.0,0.0,0.0,0.0,0.0,0.0,0.0,2006-05-23,Z
2020-07-27,15310011579189,10000,2020-07-27,202007,10,12,53,0,0,准星,1,115052031,115000000,1.0,3.0,0,步步高,vivo Y51,0,0,0,,,,1.0,3.0,3.0,1.0,2,5,0,0,3.0,3.0,,,3.0,2.0,,,135.0,387.0,,,6.0,5.0,,,2.0,4.0,,,4.0,5.0,,,2.0,4.0,,,0.0,0.0,,,,,,,6.0,0.0,0.0,4.0,0.0,0.0,,,,100.0,0.0,0.0,80.0,0.0,0.0,,,,,,,,,,period4,,,,,,,1,0.0,0.0,0.0,0.0,0.0,1.6,3.6,0.0,0.0,0.0,0.0,0.0,2019-10-23,1
2020-07-27,23100000485419,10000,2020-07-27,202007,190,11,51,0,0,三星,0,123000001,123000000,1.0,1.0,0,华为,JNY-AL10,0,0,0,,,1.0,21.0,2.0,29.0,3.0,20,22,29,19,37.0,50.0,122.0,43.0,3.0,3.0,16.0,2.0,1530.0,1920.0,9007.0,3994.0,40.0,53.0,138.0,45.0,18.0,19.0,29.0,16.0,,,65.0,0.0,0.0,0.0,17.0,0.0,0.0,0.0,0.0,0.0,,,,,32.0,1.0,0.0,37.0,0.0,0.0,34.0,2.0,2.0,80.0,2.5,0.0,69.8113,0.0,0.0,75.5556,4.4444,4.4444,,,,,,36859.0,period1,,,,,,,1,6236.0,100.0,18.0,18.0,68.0,0.0,0.0,47.2,0.0,0.0,0.0,0.0,2004-10-28,Z
2020-07-27,23310032538009,10000,2020-07-27,202007,55,11,24,0,0,一星,0,123002623,123000000,1.0,1.0,1,realme,RMX1901,1,0,0,,,,27.0,10.0,31.0,6.0,22,15,21,17,32.0,36.0,38.0,22.0,14.0,6.0,4.0,4.0,2833.0,2441.0,2529.0,1659.0,46.0,42.0,42.0,26.0,26.0,25.0,18.0,18.0,6.0,8.0,3.0,0.0,4.0,4.0,2.0,0.0,0.0,0.0,0.0,0.0,,,,,20.0,0.0,0.0,22.0,0.0,0.0,14.0,0.0,0.0,43.4783,0.0,0.0,52.381,0.0,0.0,53.8462,0.0,0.0,,,,,,34696.0,period4,,,,,,,1,20480.0,30.0,18.0,18.0,18.0,3.2,2.4,0.4,100.0,100.0,40.0,30.0,2016-01-10,1
2020-07-27,14310018692338,10000,2020-07-27,202007,13,11,34,0,0,二星,1,114055392,114000000,1.0,1.0,0,小米科技,2016070,1,0,0,,,,2.0,1.0,0.0,1.0,5,1,2,0,4.0,0.0,0.0,,1.0,1.0,2.0,,1217.0,717.0,1380.0,,5.0,1.0,2.0,,3.0,1.0,1.0,,4.0,1.0,2.0,,2.0,1.0,1.0,,0.0,0.0,0.0,,,,,,1.0,1.0,1.0,0.0,1.0,1.0,,,,20.0,20.0,20.0,0.0,100.0,100.0,,,,,,,,,,period3,,,,,,,1,10240.0,100.0,68.0,68.0,68.0,8.8,4.8,9.6,4.0,2.0,22.0,12.0,2019-07-13,1
2020-07-27,21310025955015,10000,2020-07-27,202007,13,11,29,0,0,准星,1,121057329,121000000,4.0,4.0,0,步步高,vivo Xplay5A,0,0,0,,,,,,,,0,0,0,0,,,,,,,,,,,,,,,,,,,,,,,,,,,,,,,,,,,,,,,,,,,,,,,,,,,,,,,,,,,,,,,,,,,,1,0.0,0.0,5.0,5.0,5.0,0.0,0.0,0.0,0.0,0.0,0.0,0.0,2019-07-30,1
